CODIGO,TITULO
1,"1,1-dicloro-2,2-bis (P-clorofeniletileno)"
2,"1,1,1-tricloroetano"
3,"1,2 dihidroxi-4-(N-acetilcisteinil)-butano"
4,"1,25-dihidroxi vitamina D"
5,"1,2-ciclo-hexanediol"
6,"1,2-dibromo-3-cloropropano"
7,"1,2-diclorobenzeno"
8,"1,2-gliceril dinitrato"
9,"1,3-gliceril dinitrato"
10,"1,5-diaminonaftaleno"
1398,11-desoxicorticosterona
1399,17-alfa-hidroxiprogesterona
11,17-cetogênicos (17-CGS)
12,17-cetosteróides
13,17-cetosteróides relação alfa/beta
14,17-cetosteróides totais (17-CTS)
15,17-hidroxicorticosteróides (17-OHS)
16,17-hidroxipregnenolona
17,1-etoxi-2-propanol
18,1-hidroxipireno
19,1-metoxi-2-propanol
20,1-naftol + 2-naftol
21,2-amino-4-nitrofenol
22,"2,2'-dicloro-4,4'metileno dianilina"
23,"2,2-dimetil-1,3benzodioxol"
24,"2,4-dinitroaminotolueno"
25,"2,4-hidroxibifenil"
26,"2,5-diclorofenol"
27,"2,5-heptanediona"
28,"2,5-hexanediona + 4,5-dihidroxi-2-hexanona"
29,"2,5-hexanodiona urinária"
30,"2,6-dinitroaminotolueno"
31,2-butanona
32,"2-dimetilamino-4-hidroxi-5,6-dimetilpirimidina"
33,"2-etil, 5-hidroxi-hexil-ftalato"
34,2-etil-5-oxi-hexil-ftalato
35,2-etilfenol
36,2-fenil 2-propanol
37,2-isopropoxifenol
38,"2-metilamino-4-hidroxi-5,6-dimetilpirimidina"
39,2-metilpentano sanguíneo
40,2-naftilamina
41,"3,4-diclorocatecol"
42,3-alfa androstanediol glucoronídeo (3-ALFADIOL)
43,3-hidroxibenzopireno
44,3-hidroxicarbofurano urinário
45,3-metil histidina
46,3-metil pentano sanguíneo
47,"4,4-diaminodiciclohexil metano (DDHM)"
49,"4,4-diaminodifenilmetano"
50,"4,4'-metileno bis-2-cloroanilina (MbOCA)"
48,"4,4'-metilenodianilina (MDA)"
51,"4,5-diclorocatecol"
52,"4,6-dinitro-o-cresol (DNOC) sanguíneo"
53,"4-amino-2,6-dinitrotolueno"
54,4-amino-2-nitrofenol
55,4-amino-bifenil
56,4-clorocatecol
57,4-cloro-o-toluidina (derivados)
58,4-etilfenol
59,4-metilpentan-2-ona
60,"5,6-dimetil-2-(metilamino)pirimidin-4-ol"
61,5-hidroximetil-pirrolidona
62,5-hydroxi-N-metilpirrolidona
63,5-nucleotidase
64,Aberrações cromossômicas (pesquisa)
65,Absidia (pesquisa)
66,Acanthamoeba (pesquisa)
67,Acetaminofen
68,Acetilcolinesterase eritrocitária
69,Acetilcolinesterase plasmática
70,Acetona sanguínea
71,Acetona urinária
72,Acidez titulável na urina
74,"Ácido 2,4,5-triclorofenoxiacético (2,4,5-T) urinário"
75,"Ácido 2,4-diclorofenoxiacético (2,4-D) urinário"
73,"Ácido 2,4-dinitrobenzoico"
76,Ácido 2-hidroxi-3-butenil mercaptúrico
77,Ácido 2-hidroxipropil mercaptúrico
78,Ácido 2-tiotiazolidina
79,Ácido 2-tiotiazolidina-4-carboxílico (TTCA)
80,"Ácido 3,4-dihidroxibutil mercaptúrico"
81,Ácido 3-fenoxibenzoico
82,Ácido 3-hidroxipropil mercaptúrico
83,Ácido 4-cloro-2-metilfenoxiacético (MCPA) urinário
84,Ácido 4-fluoro-3-fenoxibenzoico
85,Ácido 5 hidróxi-indolacético
86,Ácido acético
87,Ácido ascórbico (vitamina C)
88,Ácido beta hidroxi-butírico
89,Ácido butoxi-acético
90,Ácido cacodílico
91,"Ácido cis- 3-(2,2-diclorovinil)-2,2-dimetilciclopropanocarboxilico"
92,"Ácido cis-3-(2,2-dibromovinil)-2,2-dimetilciclopropanocarboxilico"
93,Ácido cítrico na urina
94,Ácido dehidroabiético
95,Ácido delta aminolevulínico
96,Ácido delta aminolevulínico desidratase (ALA-D)
97,Ácido d-glucárico
98,Ácido dimetilarsínico
99,Ácido dimetilbenzoico
100,Ácido etoxiacético
101,Ácido fenilfosfórico urinário
102,Ácido fenilglioxílico
103,Ácido fenil-mercaptúrico
104,Ácido fólico eritrocitário
105,Ácido fórmico
106,Ácido furoico
107,Ácido glioxílico
108,Ácido hidroxietil-mercaptúrico
109,Ácido hipúrico
110,Ácido homo vanílico
111,Ácido homogentísico urinário
112,Ácido láctico (lactato)
113,Ácido mandélico
114,Ácido mercaptúrico acrilamida
115,Ácido metil malônico
116,Ácido metilhipúrico
117,Ácido metoxiacético (2-metoxiacético)
118,Ácido metoxi-propiônico (ácido isobutírico)
119,Ácido monometilarsônico
120,Ácido orótico
121,Ácido oxálico
122,Ácido perfluorooctanoico
123,Ácido perfluorooctanossulfônico
124,Ácido pirúvico
125,Ácido S-(3-cloro-2-hidroxipropil) mercaptúrico
126,Ácido S(n-Propil)mercaptúrico
127,Ácido salicílico
128,Ácido siálico
129,Ácido tioglicólico
130,"Ácido trans, trans-mucônico"
131,"Ácido trans-3-(2,2-diclorovinil)-2,2-dimetilciclopropanocarboxilico"
132,Ácido trans-crisantemum-dicarboxilico
133,Ácido tricloroacético
134,Ácido trifluoroacético
135,Ácido úrico
136,Ácido valproico
137,Ácido vanilmandélico (VMA)
138,Ácido β-hidroxietoxi acético
1400,Ácidos biliares
139,Ácidos graxos livres
140,Ácidos orgânicos (perfil quantitativo)
141,Acilcarnitinas (perfil qualitativo)
1401,Acilcarnitinas (perfil quantitativo)
142,Actinobacillus (pesquisa)
143,Actinomadura (pesquisa)
144,Actinomyces (pesquisa)
145,Adenilatoquinase
146,Adenovírus - IgG
147,Adenovírus - IgM
148,"Adrenocorticotrófico, hormônio (ACTH)"
149,Adutos de DNA (pesquisa)
150,Adutos de proteínas (pesquisa)
151,Aflatoxinas (pesquisa)
152,Agente da doença crônica emaciante (pesquisa)
153,Agente da doença de Creutzfeldt-Jakob esporádica (pesquisa)
154,Agente da doença de Creutzfeldt-Jakob familiar (pesquisa)
155,Agente da doença de Creutzfeldt-Jakob iatrogênica (pesquisa)
156,Agente da doença de Creutzfeldt-Jakob variante (pesquisa)
157,Agente da encefalopatia espongiforme bovina (BSE) (pesquisa)
158,Agente da encefalopatia espongiforme bovina tipo-H (pesquisa)
159,Agente da encefalopatia espongiforme em ungulados exóticos (pesquisa)
160,Agente da encefalopatia espongiforme felina (pesquisa)
161,Agente da insônia fatal esporádica (pesquisa)
162,Agente da insônia fatal familiar de Gerstmann-Sträussler-Scheinker (pesquisa)
163,Agente da Kuru (pesquisa)
164,Agente da prionopatia variante protease-resistente (pesquisa)
165,Agente do tremor epizoótico (scrapie disease) (pesquisa)
166,Agente do tremor epizoótico (scrapie disease) atípico (pesquisa)
167,Ajellomyces (pesquisa)
168,Albumina
169,Albumina S-metilcisteína
170,Alcaligenes (pesquisa)
171,Alcaptonúria
172,Aldolase
173,Aldosterona
174,Alérgenos - Perfil antigênico (painel C/36 antígenos)
176,"Alfa-1-antitripsina, dosagem no soro"
177,Alfa-1-glicoproteína ácida
175,Alfa-1-microglobulina na urina
178,"Alfa-2-antiplasmina, teste funcional"
179,Alfa-2-macroglobulina
180,Alfa-amilase
181,Alfa-fetoproteína
182,Alfa-hexaclorociclo-hexano
183,Alumínio plasmático
184,Alumínio urinário
185,Amebíase - IgG
186,Amebíase - IgM
187,Amilase
188,"Aminoácidos, fracionamento e quantificação"
189,Amiodarona
190,Amitriptilina
191,Amônia
192,AMP cíclico
193,Ancylostoma (pesquisa)
194,Androstenediona
195,Anfetaminas
196,Angiostrongylus (pesquisa)
197,Anilina sanguínea
198,Anilina urinária
199,Anilina-hemoglobina
200,Anisakis (pesquisa)
201,Anti-12-hidroxi-endrin urinário
202,Anti-actina
203,Antibiograma
204,"Antibióticos, dosagem no soro"
205,Anticandida - IgG e IgM
206,Anticardiolipina - IgA
207,Anticardiolipina - IgG
208,Anticardiolipina - IgM
209,Anticentrômero
210,Anticoagulante lúpico
211,Anticorpo anti A e B
212,Anticorpo anti saccharamyces - ASCA
213,Anticorpo anti-DNAse B
214,Anticorpo anti-hormônio do crescimento
215,"Anticorpo antimieloperoxidase, MPO"
216,Anticorpo anti-receptor de TSH (TRAB)
217,Anticorpo antivírus da hepatite E
218,"Anticorpos antiendomisio - IgG, IgM, IgA"
219,Anticorpos anti-ilhota de langherans
220,Anticorpos anti-influenza A - IgG
221,Anticorpos anti-influenza A - IgM
222,Anticorpos anti-influenza B - IgG
223,Anticorpos anti-influenza B - IgM
224,Anticorpos antiinsulina
225,"Anticorpos antiplaquetários, citometria de fluxo"
226,Anticorpos antitireóide (tireoglobulina)
227,Anticorpos irregulares
1402,Anticorpos naturais - Isoaglutininas
228,Anticortex supra-renal
229,Antidesoxiribonuclease B
230,Anti-DMP
231,Anti-DNA
232,Antiescleroderma
233,Antifígado
235,Antígeno carcinoembriogênico (CEA)
236,Antígeno de diferenciação celular
237,Antígeno específico prostático livre (PSA livre)
238,Antígeno específico prostático total (PSA)
239,"Antígenos fúngicos, pesquisa"
240,Antígenos metílicos solúveis do BCG
241,Antigliadina (glúten) - IgA
242,Antigliadina (glúten) - IgG
243,Antigliadina (glúten) - IgM
244,Anti-hialuronidase
245,Anti-JO1
246,Anti-LA/SSB
247,Anti-LKM-1
248,Antimembrana basal
249,Antimicrossomal
250,Antimitocondria
251,"Antimitocondria, M2"
252,Antimônio urinário
253,Antimúsculo cardíaco
254,Antimúsculo estriado
255,Antimúsculo liso
256,Antineutrófilos (anca) C
257,Antineutrófilos (anca) P
258,Antiparietal
259,Antiperoxidase tireoideana
260,Anti-RNP
261,Anti-Ro/SSA
262,Anti-Sm
263,Anti-TPO
264,Antitrombina III
265,Antrax (pesquisa)
266,Apolipoproteína A (Apo A)
267,Apolipoproteína B (Apo B)
268,Apolipoproteína E
270,Arcanobacterium (pesquisa)
271,Arsênico +III urinário
272,Arsênico +V urinário
273,Arsênico capilar
274,Arsênico Inorgânico urinário
275,Arsênio - Metabólitos metilados urinários
276,Ascaris (pesquisa)
277,Aslo
278,Aspergillus (pesquisa)
279,"Aspergilus, reação sorológica"
280,Ativador tissular de plasminogênio (TPA)
282,Audiometria de tronco cerebral (PEA) BERA
283,Audiometria tonal limiar com testes de discriminação
281,Audiometria tonal ocupacional
284,Audiometria vocal - Pesquisa de limiar de discriminação
285,Audiometria vocal - Pesquisa de limiar de inteligibilidade
286,Avaliação clínica com ênfase cardiocirculatória (anamnese e exame físico)
287,Avaliação clínica com ênfase dermatológica (anamnese e exame físico)
288,Avaliação clínica com ênfase gastrointestinal (anamnese e exame físico)
289,Avaliação clínica com ênfase mental (anamnese e exame físico)
290,Avaliação clínica com ênfase neurológca (anamnese e exame físico)
291,Avaliação clínica com ênfase neurossensorial (anamnese e exame físico)
292,Avaliação clínica com ênfase ortopédica (anamnese e exame físico)
293,Avaliação clínica com ênfase respiratória (anamnese e exame físico)
294,Avaliação clínica com ênfase urogenital (anamnese e exame físico)
295,Avaliação clínica ocupacional (anamnese e exame físico)
296,Avaliação da acuidade visual
297,Avaliação da estereopsia
298,Avaliação da visão de cores
299,Avaliação do campo visual
300,Avaliação psicossocial
301,"Azida sódica, teste da"
302,B.A.A.R. (Ziehl ou fluorescência)
303,Babesia (pesquisa)
304,Bacillus (pesquisa)
305,Bacterioscopia
306,Bacteroides (pesquisa)
307,Balantidium (pesquisa)
308,"Barbitúricos, antidepressivos tricíclicos"
309,Bário urinário
310,Bartituratos
311,Bartonella (pesquisa)
312,Benzeno urinário
313,Benzidina eritrocitária
314,Benzidina urinária
315,Benzodiazepínicos e similares
316,Berílio urinário
317,Beta mercapto-lactato-disulfidúria
318,Beta-2-microglobulina
319,Beta-glicuronidase
320,Beta-hexaclorociclo-hexano
321,"Bilirrubinas (direta, indireta e total)"
322,Biotinidase atividade
323,"Bisfenol A (4,4-isopropiledenedifenol)"
324,Bismuto plasmático
325,Bismuto urinário
326,Blastocystis (pesquisa)
327,"Blastomicose, reação sorológica"
328,Blastomyces (pesquisa)
329,Bocavírus humano (pesquisa)
330,Boro
331,Borrelia (pesquisa)
332,Brachispira (pesquisa)
333,Brometo
334,Bromofós sanguíneo
335,Bromofós urinário
336,Brucela - IgG
337,Brucela - IgM
338,"Brucela, prova rápida"
339,Brucella (pesquisa)
340,Brugia (pesquisa)
341,Bunyavírus germiston (pesquisa)
342,Burkholderia (pesquisa)
343,Buta-2-ona
344,Butanol sanguíneo
1429,Butilcolinesterase no plasma ou soro
345,C1q
346,C3 proativador
347,C3A (fator B)
348,CA 50
349,CA-242
350,CA-27-29
351,Cádmio sanguíneo
352,Cádmio urinário
353,Cálcio
354,Cálcio iônico
355,Calcitonina
356,Campylobacter (pesquisa)
357,Campylobacter (pesquisa)
358,Candida (pesquisa)
359,Capacidade de fixação de ferro
360,Capillaria (pesquisa)
362,Carbamazepina
361,Carbendazim
363,Carbofuranfenol
364,Carboxihemoglobina
365,Cardiobacterium (pesquisa)
366,Carnitina livre
367,Carnitina total e frações
368,Caroteno
369,Catecolaminas
370,"Catecolaminas fracionadas - Dopamina, epinefrina, norepinefrina na urina"
371,Caxumba - IgG
372,Caxumba - IgM
373,"CEE vírus, pesquisa"
374,Células LE
375,Ceruloplasmina
376,Césio urinário
377,Chagas - IgG
378,Chagas - IgM
379,Chlamydia - IgG
380,Chlamydia - IgM
381,"Chlamydia, cultura"
382,Chlamydophila (pesquisa)
383,Chlormequat
384,Chumbo dietila
385,Chumbo sanguíneo
386,Chumbo total
387,Chumbo urinário
388,Cianeto (cianureto) sanguíneo
389,Ciclofosfamida
390,Ciclo-hexanodiol
391,Ciclo-hexanol
392,Ciclosporina
393,"Cisticercose, AC"
394,Cistinúria
395,cis-δ4 tetrahidroftalimida (THPI)
396,Citomegalovírus - shell vial
397,Citomegalovírus - IgG
398,Citomegalovírus - IgM
399,Cladophialophora (pesquisa)
400,Cladosporium (pesquisa)
401,"Clamídia, pesquisa"
402,Clearance de ácido úrico
403,Clearance de creatinina
404,Clearance de fosfato
405,Clearance de uréia
406,Clearance osmolar
407,Clomipramina
408,Clonorchis (pesquisa)
409,Cloreto de metileno sanguíneo
410,Cloro
411,Clorofenol
412,Clorofórmio
413,Clostridium (pesquisa)
414,"Clostridium difficile, toxina A"
415,Coagulograma
416,Cobalto sanguíneo
417,Cobalto urinário
418,Cobre sanguíneo
419,Cobre urinário
420,Cocaína
421,Coccidioides (pesquisa)
422,Cólera (pesquisa)
423,Colesterol (HDL)
424,Colesterol (LDL)
425,Colesterol (VLDL)
426,Colesterol total
427,Complemento C2
428,Complemento C3
429,Complemento C4
430,Complemento C5
431,Complemento CH-100
432,Complemento CH-50
433,Composto S (11-desoxicortisol)
434,Consumo de protrombina
435,Contagem de eosinófilos
436,Contagem sanguínea diferencial
437,Contagem sedimentar de Addis
438,Contracaecum (pesquisa)
439,Coombs direto
440,Coombs indireto
441,"Coprológico funcional (caracteres, pH, digestibilidade, amônia, ácidos orgânicos e interpretação)"
442,Coproporfirina III na urina
443,Coproporfirinas
444,Coronavírus (pesquisa)
445,Coronavírus humano 229E (pesquisa)
446,Coronavírus relacionado à MERS (pesquisa)
447,Coronavírus relacionado à SARS (pesquisa)
1419,Coronavírus/COVID-19 - SARS-CoV-2 - IgA
1420,Coronavírus/COVID-19 - SARS-CoV-2 - IgG
1421,Coronavírus/COVID-19 - SARS-CoV-2 - IgM
1422,Coronavírus/COVID-19 - SARS-CoV-2 - Pesquisa de antígeno
1423,Coronavírus/COVID-19 - SARS-CoV-2 - RT-PCR
448,Corpos cetônicos na urina
449,Corpúsculos de Donovani
450,Cortisol
451,Cortisol livre
452,Corynebacterium (pesquisa)
453,Cotinina
454,Coxiella (pesquisa)
455,Creatina
456,Creatinina
457,Creatino fosfoquinase - Fração MB
458,Creatino fosfoquinase total (CK)
459,Cresol urinário
460,Crioaglutinina
461,Crioglobulinas
462,"Criptococo (tinta da China), pesquisa de"
463,Cromatografia de açúcares na urina
464,Cromatografia de aminoácidos
465,Cromo eritrocitário
466,Cromo sanguíneo
467,Cromo urinário
468,Cromossomo philadelfia
469,Cryptococcus (pesquisa)
470,Cryptosporidium (pesquisa)
471,Cultura bacteriana
1403,Cultura de urina (urocultura)
472,"Cultura nas fezes: salmonela, shigellae e E. coli enteropatogênicas, enteroinvasora (sorol. incluída) + campylobacter SP. + E. coli enterohemorrágica"
473,Cultura para bactérias anaeróbicas
474,Cultura para Criptosporidium
475,Cultura para fungos
476,Cultura para mycobacterium
477,Cultura quantitativa de secreções pulmonares
478,Curva glicêmica
479,Curva insulínica
480,Cyclospora (pesquisa)
481,Dehidroepiandrosterona (DHEA)
482,Dehidrotestosterona (DHT)
483,Dengue - IgG
484,Dengue - IgM
485,Desidrogenase alfa-hidroxibutírica
486,Desidrogenase glutâmica
487,Desidrogenase isocítrica
488,Desidrogenase láctica
489,Desipramina
490,Desoxicorticosterona
491,Dialdeído malônico
492,Diclorodifenil tricloroetano (DDT) sanguíneo
493,Diclorodifenildicloroetileno (DDE) sanguíneo
494,Dicloroetano
495,Dicloroeteno
496,Diclorometano
497,Dicrocoelium (pesquisa)
498,Dieldrin sanguíneo
499,Dientamoeba (pesquisa)
500,Dietilditiofosfato
501,Dietilditiofosfato urinário (DEDTP)
502,Dietilestilbestrol
503,Dietilfosfato
504,Dietilfosfato urinário (DEP)
505,Dietilltiofosfato urinário (DETP)
506,Dietiltiofosfato
507,Digitoxina ou digoxina
508,Dímero D
509,Dimetilditiofosfato
510,Dimetilditiofosfato urinário (DMDTP)
511,Dimetilfosfato
512,Dimetilfosfato urinário (DMP)
513,Dimetil-selênio respiratório (ar expirado)
514,Dimetiltiofosfato
515,Dimetiltiofosfato urinário (DMTP)
516,Di-n-butil fosfato
517,Dinitrato-etileno-glicol
518,Dinitrofenol
519,Dinoseb
520,Dipetalonema (pesquisa)
521,Diphyllobothrium (pesquisa)
522,Diquat urinário
523,Dissulfeto de carbono
524,DNCB Teste de Contato
525,Doppler colorido arterial de membro inferior
526,Doppler colorido arterial de membro superior
527,Dosagem de receptor de progesterona ou de estrogênio
528,Dracunculus (pesquisa)
529,Ebola (pesquisa)
530,ECG (Eletrocardiograma) convencional de até 12 derivações
531,ECG (Eletrocardiograma) de alta resolução
532,Echinococcus (pesquisa)
533,"Echovírus (painel), sorologia para"
534,Echovírus (pesquisa)
535,Edwardsiella (pesquisa)
536,EEG (Eletroencefalograma) de rotina
537,Ehrlichia (pesquisa)
538,Eikenella (pesquisa)
540,Eletroforese de glicoproteínas
541,Eletroforese de lipoproteínas
539,Eletroforese de proteínas
542,Eletroforese de proteínas urinárias
543,Eletroneuromiografia de MMII
544,Eletroneuromiografia de MMSS
545,Elizabethkingia (pesquisa)
546,Emmonsia (pesquisa)
547,Encefalite japonesa B (pesquisa)
548,Encephalitozoon (pesquisa)
549,Endotoxinas (pesquisa)
550,Endrin sanguíneo
551,Enolase
552,Entamoeba (pesquisa)
553,Enterobacter (pesquisa)
554,Enterobius (pesquisa)
555,Enterococcus (pesquisa)
556,Enterocytozoon (pesquisa)
557,"Enterovírus humano A, B e C (pesquisa)"
558,Enzima conversora da angiotensina (ECA)
559,Enzimas eritrocitárias
560,Epidermophyton (pesquisa)
561,"Equinococose (hidatidose), reação"
562,"Ergoespirometria ou teste cardiopulmonar de exercício completo (espirometria forçada, consumo de O2, produção de CO2 e derivados, ECG, oximetria)"
563,Eritropoietina
564,Erysipelothrix (pesquisa)
565,Escândio urinário
566,Escherichia (pesquisa)
567,Escherichia coli (pesquisa)
568,Espermograma
569,Esplenograma (citologia)
570,"Esporotricose, reação sorológica"
571,Esporotriquina
572,Estanho urinário
573,Estireno sanguíneo
1427,Estireno urinário
574,Estradiol
575,Estreptozima
576,Estriol
577,Estrogênios totais (fenolesteróides)
578,Estrona
579,Estrôncio urinário
580,Etanol
581,Etilenotioureia (ETU)
582,Etossuximida
583,Exame a fresco de amostra biológica
584,Exame bacteriológico de fezes
585,Exame de fundo de olho
1432,Exame oftalmológico com avaliação de retina e/ou cristalino
586,Exophiala (pesquisa)
587,"Falcização, teste de"
588,Fasciola (pesquisa)
589,Fasciolopsis (pesquisa)
590,Fator 4 plaquetário
591,Fator antinúcleo (FAN)
592,Fator II
593,Fator IX
594,Fator reumatóide
595,Fator V
597,Fator VII
598,Fator VIII
599,"Fator VIII, dosagem do antígeno (Von Willebrand)"
600,"Fator VIII, dosagem do inibidor"
601,Fator X
602,Fator XI
603,Fator XII
604,Fator XIII
605,Fenilalanina
606,Fenilcetonúria
607,Fenitoína
608,Fenobarbital
609,Fenol
610,Fenotipagem do sistema Rh-Hr (anti Rho(D) + anti Rh(C) + anti Rh(E)
611,"Fenotipagem do sistema RH-HR (D, C, E, C E C)"
612,Ferritina
613,Ferro sérico
614,"Fibrinogênio, teste funcional"
615,Filária (pesquisa)
616,Filaria (sorologia)
617,Filobasidiella (pesquisa)
618,Flavobacterium (pesquisa)
619,"Flavovírus, pesquisa"
620,Fluazifop urinário
621,Flufenoxuron sanguíneo
622,Flúor sanguíneo
623,Flúor urinário
624,Fluoreto urinário
625,Fluoribacter (pesquisa)
626,"Folículo estimulante, hormônio (FSH)"
627,Fonsecaea (pesquisa)
628,Formaldeído
629,Fosfatase ácida fração prostática
630,Fosfatase ácida total
631,Fosfatase alcalina
632,Fosfatase alcalina fração óssea
633,Fosfatase alcalina termo-estável
634,Fosfina sanguínea
635,Fosfofructoquinase
636,Fosfoglicerato quinase
637,Fosfolipídios
638,Fósforo
639,Francisella (pesquisa)
1404,FREI (linfogranuloma venéreo) IDeR
640,Frutosaminas
641,Frutose
642,Frutosúria
643,"Fungos, pesquisa a fresco"
644,Fusarium (pesquisa)
645,Fusobacterium (pesquisa)
646,Gad-Ab-antidescarboxilase do ácido glutâmico
647,Gadolínio urinário
648,Galactose
649,Galactose 1-fosfatouridil transferase
650,Galactosúria
651,Gálio urinário
652,Gama-glutamil transferase (gama-GT)
653,Gardnerella (pesquisa)
654,Gastrina
655,Geotrichum (pesquisa)
656,Giardia (pesquisa)
657,Giardia (sorologia)
658,Glicemia
659,Glicemia após sobrecarga com dextrosol ou glicose
660,"Gliceraldeído, 3-fosfato desidrogenase"
661,Glicose 6-fosfato desidrogenase
662,Glicose fosfato isomerase
663,Glifosato
664,Globulina
665,Globulina de ligação de hormônios sexuais (SHBG)
666,Globulina transportadora da tiroxina (TBG)
667,Glucagon
668,Glutation
669,Glutation peroxidase
670,Gonococo - IgG
671,Gonococo - IgM
672,"Grupo ABO, classificação reversa"
673,"Grupo sanguíneo ABO, e fator Rho (inclui Du)"
674,Haemophilus (pesquisa)
675,Háfnio urinário
676,"Ham, teste de (hemólise ácida)"
677,"Hansen, pesquisa de"
678,Haptoglobina
679,"Heinz, corpúsculos"
680,Helicobacter (pesquisa)
681,Helicobacter pylori - IgA
682,Helicobacter pylori - IgG
683,Helicobacter pylori - IgM
684,Hemácias fetais
685,Hematócrito
686,Hemocultura
687,Hemoglobina
688,Hemoglobina (eletroforese ou HPLC)
689,Hemoglobina glicada (A1 total)
690,Hemoglobina glicada (Fração A1c)
691,Hemoglobina plasmática livre
692,"Hemoglobina, solubilidade (HbS e HbD)"
693,"Hemograma com contagem de plaquetas ou frações (eritrograma, leucograma, plaquetas)"
694,Hemophilus (bordetella) pertussis (pesquisa)
695,"Hemossedimentação, (VHS)"
696,"Hemossiderina (siderócitos), sangue"
697,"Hemossiderina (siderócitos), urina"
698,Heparina
699,Hepatite A - HAV - IgG
700,Hepatite A - HAV - IgM
702,Hepatite B - HBCAC - IgG
701,Hepatite B - HBCAC - IgM
703,Hepatite B - HBeAC (anti-HBE)
1405,Hepatite B - HBeAG
704,Hepatite B - HBsAC (anti-HBs)
234,Hepatite B - HBsAG
705,Hepatite C - Anti-HCV - IgG
706,Hepatite C - Anti-HCV - IgM
707,Hepatite delta - IgG
708,Hepatite delta - IgM
709,"Hepatite delta, antigeno"
710,Heptacloro-epóxido
711,HER-2 - Dosagem do receptor
712,Herpes simples - IgG
713,Herpes simples - IgM
714,Herpes zóster - IgG
715,Herpes zóster - IgM
716,Herpesvírus (pesquisa)
717,Heterophyes (pesquisa)
718,Hexaclorobenzeno
719,Hexafluoroisopropanol (HFIP)
720,"Hexametilenodiamina (1,6-hexametilenodiamina)"
721,Hexona (metil isobutil cetona)
722,Hexosaminidase A
723,Hidrazina
724,Hidroxiprogesterona
725,Hidroxiprolina
726,Hipersensibilidade retardada (intradermo reação IDeR)
727,Histamina
728,Histidina na urina
729,Histona
730,Histoplasma (pesquisa)
731,Histoplasmose
732,HIV - Antígeno P24
733,"HIV1 ou HIV2, pesquisa de anticorpos"
734,HLA-DR
735,HLA-DR+DQ
736,Homocisteína
737,Hormônio antidiurético
738,Hormônio do crescimento (HGH)
739,Hormônio gonodotrofico corionico
740,Hormônio luteinizante (LH)
741,Hormônio tireoestimulante (TSH)
742,HPV (vírus do papiloma humano)
743,HTLV-I / II
744,Hymenolepis (pesquisa)
745,Identificação de helmintos
746,Ifosfamida
747,IgA
748,IgA na saliva
749,IgD
750,IgE
751,"IGF BP3 (proteína ligadora dos fatores de crescimento ""insulinlike"")"
752,IgG
753,IgM
754,Imipramina
755,Impedanciometria
756,Imunocomplexos circulantes
757,"Imunocomplexos circulantes, com células Raji"
758,Imunoeletroforese (estudo da gamopatia)
759,Imunofenotipagem para doença residual mínima
760,Imunofenotipagem para hemoglobinúria paroxistica noturna
761,Imunofenotipagem para leucemias agudas ou sindrome mielodisplásica
762,Imunofenotipagem para linfoma não Hodgkin / sindrome linfoproliferativa crônica
763,Imunofenotipagem para perfil imune
764,Imunofixação
765,Índice de tiroxina livre (ITL)
766,Índio urinário
767,Inibidor de C1 esterase
768,Inibidor do fator IX
769,Inibidor do TPA (PAI)
770,Inibidor dos fatores da hemostasia
771,Insulina
772,Iodo
773,Iodo proteico (PBI)
774,"Iontoforese para a coleta de suor, com dosagem de cloro"
775,Irídio urinário
776,Isoaglutininas
777,Isobutanol urinário
778,Isoforonodiamina
779,"Isolamento de agentes específicos (vírus, bactérias, protozoários, fungos, outros parasitas)"
780,Isomerase fosfohexose
781,Isoniazida
782,Isopropanol urinário
783,Isospora (pesquisa)
784,Isospora (sorologia)
785,"Ito (cancro mole), IDeR"
786,Ítrio urinário
787,Klebsiella (pesquisa)
788,"Kveim (sarcoidose), IDeR"
789,Lactogênico placentário-hormônio
790,"Lactose, teste de tolerância"
791,Lamotrigina
792,"Larvas (fezes), pesquisa"
793,"Lassa vírus, pesquisa"
794,Legionella - IgG
795,Legionella - IgM
796,Leishmania (pesquisa)
797,Leishmaniose - IgG
798,Leishmaniose - IgM
799,Leptina
1406,Leptospira (pesquisa)
800,Leptospirose - IgG
801,Leptospirose - IgM
802,Leucino aminopeptidase
804,"Leucócitos e hemácias, pesquisa nas fezes"
803,"Leucócitos, contagem (leucograma)"
806,"Leveduras, pesquisa nas fezes"
807,Lichtheimia (pesquisa)
808,Lidocaina
809,Lindano (γ-HCH) gama-hexaclorociclo-hexano
810,"Linfócitos T ""helper"" contagem de (IF com OKT-4) (CD-4+)"
811,Linfócitos T supressores contagem de (IF com OKT-8)
812,Lipase
813,Lipase lipoprotéica
814,Lipídios totais
815,Lipóides na urina
816,Lipoproteína (a) - Lp (a)
817,Listeria (pesquisa)
818,"Listeriose, reação sorológica"
819,Lítio sanguíneo
820,Lítio urinário
821,Loa (pesquisa)
822,Lyme - IgG
823,Lyme - IgM
824,Lyssavírus (pesquisa)
825,Lyssavírus do morcego Australiano (pesquisa)
826,Lyssavírus do morcego europeu tipos 1 e 2 (pesquisa)
827,Macroprolactina
828,Madurella (pesquisa)
829,Magnésio
830,Malária - IgG
831,Malária - IgM
832,Malassezia (pesquisa)
833,Malation urinário
834,"Maltose, teste de tolerância"
836,Manganês sanguíneo
835,Manganês urinário
837,Mansonella (pesquisa)
838,"Mantoux, IDeR"
839,Marcador tumoral CA 125
840,Marcador tumoral CA 15-3
841,Marcador tumoral CA 19.9
842,Marcador tumoral CA 72-4
843,Marcadores tumorais
844,MCA (antígeno cárcino-mamário)
845,Medida de pico de fluxo expiratório
846,Medida seriada por 3 semanas do pico de fluxo expiratório
847,MEHP + 5-OH-MEHP+ 5-oxo-MEHP+ 5-cx-MEPP
848,Melanina na urina
849,Mercúrio sanguíneo
850,Mercúrio urinário
851,"Metabólitos de atrazina urinários (atrazina dealquilada, deetilada, deisoprpilada)"
852,Metagonimus (pesquisa)
853,Meta-hemoglobina
854,"Metais pesados, pesquisa em unhas, cabelos, outros tecidos"
855,Metalotioneína urinária
856,Metanefrinas urinárias
857,Metanol
858,Metapneumovírus (pesquisa)
859,Metaxililenodiamina
860,Methotrexate (metotrexato)
861,Metil (4-hidroxi-1H-benzimidazol-2-il)
862,Metil (5-hidoxi-1H-benzimidazol-2-il)
863,Metil etil cetona
864,Metil isobutil cetona
1426,Metilclorofórmio no ar exalado
865,Métodos diagnósticos por imagem antebraço
866,Métodos diagnósticos por imagem antebraço articulação acromioclavicular
867,Métodos diagnósticos por imagem articulação coxofemoral (quadril)
868,Métodos diagnósticos por imagem articulação escapuloumeral (ombro)
869,Métodos diagnósticos por imagem articulação esternoclavicular
870,Métodos diagnósticos por imagem articulação tibiotársica (tornozelo)
871,Métodos diagnósticos por imagem articulações sacro
872,Métodos diagnósticos por imagem bacia
873,Métodos diagnósticos por imagem braço
874,Métodos diagnósticos por imagem calcâneo
875,Métodos diagnósticos por imagem clavícula
1407,Métodos diagnósticos por imagem coluna
1408,Métodos diagnósticos por imagem coluna cervical
1409,Métodos diagnósticos por imagem coluna dorsal
1410,Métodos diagnósticos por imagem coluna lombar
1411,Métodos diagnósticos por imagem coluna sacro-cóccix
876,Métodos diagnósticos por imagem coração e vasos da base
877,Métodos diagnósticos por imagem cotovelo
878,Métodos diagnósticos por imagem coxa
879,Métodos diagnósticos por imagem escanometria
880,Métodos diagnósticos por imagem escápula
881,Métodos diagnósticos por imagem esterno
882,Métodos diagnósticos por imagem joelho
883,Métodos diagnósticos por imagem laringe ou hipofaringe ou pescoço (partes moles)
884,Métodos diagnósticos por imagem mão ou quirodáctilo
886,Métodos diagnósticos por imagem panorâmica dos membros inferiores
887,Métodos diagnósticos por imagem patela
888,Métodos diagnósticos por imagem pé ou pododáctilo
889,Métodos diagnósticos por imagem perna
890,Métodos diagnósticos por imagem punho
1999,Métodos diagnósticos por imagem - Não especificados anteriormente
1412,Metotrexato
893,Microalbuminúria
894,Micronúcleos cromossômicos (pesquisa)
895,"Microsporídia, pesquisa nas fezes"
896,Microsporum (pesquisa)
897,Mielograma
898,Mioglobina
899,Mioglobina urinária
900,Mitomicina
901,Molibdênio plasmático
902,Molibdênio urinário
903,Monoclorometano
904,Monometilfosfato urinário (MMP)
905,Mononucleose - Epstein BARR - IgG
906,"Mononucleose, anti-VCA (EBV) - IgM"
907,Monóxido de carbono no ar expirado
908,"Montenegro, IDeR"
909,Moraxella (pesquisa)
910,Morfoline urinário
911,Morganella (pesquisa)
912,"Muco-nasal, pesquisa de eosinófilos e mastócitos"
913,"Mucopolissacaridose, pesquisa"
914,Mucoproteínas
915,Mycobacterium (pesquisa)
916,Mycoplasma (pesquisa)
891,Mycoplasma pneumoniae - IgG
892,Mycoplasma pneumoniae - IgM
917,N-(2-carbonamidaetil)-valina
918,N-(2-cianoetil)-valina
919,N-(2-hidroxietil)-valina
920,N-(2-hidroxipropil)-valina
921,N-1(hidroxibutenil) valina (adutos de hemoglobina)
922,N-2(hidroxibutenil) valina (adutos de hemoglobina)
923,"N-acetil, 3,4-diidroxibutil-cisteína"
924,N-acetil-beta-glicosaminidase na urina
925,N-acetil-S-(2-carbonamidaetil)-cisteína
1425,N-acetil-S-(N-metilcarbamoil) cisteína na urina
926,N-acetil-S-2-hidroxietil-L-cisteína
927,Naegleria (pesquisa)
928,Naftóis urinários
929,NBT estimulado
930,N-butil álcool
931,N-dimetil acetamida + N-hidroximetil-N-metil acetamida
932,Necator (pesquisa)
933,Neisseria (pesquisa)
934,Neotestudina (pesquisa)
935,N-heptano
936,Nióbio urinário
937,Níquel urinário
938,Nitrogênio amoniacal
939,Nitrogênio total
940,Nitroglicóis totais urinários
941,N-metil-2-pirrolidona
942,N-metilacetamida
943,N-metilformamida
944,N-metilformamida + N-hidroximetil-N-metilformamida
945,N-metilvalina
946,Nocardia (pesquisa)
947,Norovírus (pesquisa)
948,Nortriptilina
949,N-telopeptídeo
950,Ocitocinase
951,O-cresol urinário
952,Onchocerca (pesquisa)
953,Opisthorchis (pesquisa)
954,Orbivírus (pesquisa)
955,Orthopoxvírus (pesquisa)
956,"Ortoreovírus de mamíferos, tipos 1 a 3 (pesquisa)"
957,Ósmio urinário
958,Osmolalidade
959,Osmolalidade na urina
960,Osteocalcina
961,O-toluidina
962,Oxcarbazepina
963,Óxido nitroso na urina
964,"P,p-1-diclorobenzofenona"
965,Paládio urinário
966,P-aminofenol
967,Papilomavírus humano (HPV) (pesquisa)
968,PAPP-A
969,Paracoccidioides (pesquisa)
970,"Paracoccidioidomicose, anticorpos totais - IgG"
971,Paragonimus (pesquisa)
972,Parapoxvírus (pesquisa)
973,Paraquat urinário
974,Parasitológico de fezes
975,Paratormônio - PTH
976,Parechovírus (pesquisa)
977,Parvovírus - IgG
1413,Parvovírus - IgM
978,Parvovírus (pesquisa)
979,Parvovírus humano 4 e 5 (pesquisa)
980,Parvovírus humano B19 (pesquisa)
981,Pasteurella (pesquisa)
982,PCB 101
983,PCB 138
984,PCB 153
985,PCB 180
986,PCB 28
987,PCB 52
1424,p-clorocatecol (para-clorocatecol) urinário
988,Pegivírus humano (pesquisa)
989,Penicillium (pesquisa)
990,Pentacloroetano
991,Pentaclorofenol sanguíneo/plasmático
992,Pentaclorofenol urinário
993,Peptídeo C
994,Peptídeo natriurético BNP/PROBNP
995,Peptídio intestinal vasoativo
996,Peptostreptococcus (pesquisa)
997,Perfil lipídico/lipidograma
998,Pesquisa de agente infeccioso específico por PCR
999,Pesquisa de mutação de alelo específico por PCR
1000,pH - Tornassol
1001,Piridinolina
1002,Pirimidina-5-nucleotidase
1003,Piruvato quinase
1004,"Planigrafia de tórax, mediastino ou laringe"
1005,"Plaquetas, teste de agregação"
1006,Plasminogênio
1007,Plasmodium (pesquisa)
1008,Platina urinária
1009,Plesiomonas (pesquisa)
1010,Pneumocysti carinii (pesquisa)
1011,P-nitrocresol
1012,P-nitrofenol
1013,Poliomavírus BK (pesquisa)
1014,Poliomavírus JC (pesquisa)
1015,Poliomavírus KI (pesquisa)
1016,Poliomavírus WU (pesquisa)
1017,Poliomelite (sorologia)
1018,Poliovírus (pesquisa)
1019,Porfibilinogênio na urina
1020,Porfirinas quantitativas
1021,Porphyromonas (pesquisa)
1022,Potássio
1023,"Poxvírus, pesquisa"
1024,"PPD (tuberculina), IDeR"
1025,Prata sanguínea
1026,Pré-albumina
1027,Pregnandiol
1028,Pregnantriol
1029,Prevotella (pesquisa)
1030,Primidona
1031,Prions (pesquisa)
1032,Procainamida
1033,Procalcitonina
1034,Produtos de degradação da fibrina
1035,Progesterona
1036,Prolactina
1037,Propanolol
1038,Propilenoglicol
1039,Propilenotioureia (PTU)
1040,Proteína amiloide A
1041,Proteína C
1042,Proteína C reativa
1043,Proteína eosinofílica catiônica
1044,Proteína ligadora do retinol
1045,Proteína nuclear matriz 22 (NMP22)
1046,Proteína S livre
1047,Proteína S total + livre
1048,"Proteína S, teste funcional"
1049,Proteínas de Bence Jones
1050,Proteínas totais
1051,Proteus (pesquisa)
1052,Protoporfirina eritrocitária livre - Zinco
1053,Protoporfirinas livres
1054,Protoporfirinas Zn
1055,Prova de concentração da urina (Fishberg ou Volhard)
1056,Prova de diluição urinária
1057,Prova de função pulmonar completa (ou espirometria)
1058,Prova do laço
1059,Prova do LH-Rh
1060,Prova do TRH-HPR
1414,Prova do TRH-TSH
1061,Prova para diabete insípido
1062,Providencia (pesquisa)
1063,Pseudallescheria (pesquisa)
1064,Pseudomonas (pesquisa)
1065,Pseudoterranova (pesquisa)
1066,Psitacose - IgA
1067,Psitacose - IgG
1068,Psitacose - IgM
1069,P-ter-butilfenol
1070,P-toluidina
1071,Quebra das fitas de DNA (pesquisa)
1072,Quinidina
1073,Radiografia de coluna cervical
1074,Radiografia de coluna dorsal
1075,Radiografia de coluna lombo-sacra
1076,Radiografia de membros inferiores
1077,Radiografia de membros superiores
1078,"Radiografia de tórax (PA) Padrão OIT (o mais recente), com dois leitores habilitados"
1415,"Radiografia de tórax (PA) Padrão OIT (o mais recente), com pelo menos um leitor habilitado"
1430,Radiografia de tórax em visão anteroposterior e de perfil
1079,Raiva (pesquisa)
1080,Reação de fixação de complemento
1081,"Reação sorológica para Coxsackie, neutralização - IgG"
1082,Renina
1083,Reovírus tipos 1 a 3 (pesquisa)
1084,Reserva alcalina (bicarbonato)
1085,"Resistência globular, curva de"
1086,Reticulócitos
1087,Retração do coágulo
1088,Rhinocladiella (pesquisa)
1089,Rhizomucor (pesquisa)
1090,Rhizopus (pesquisa)
1091,Rhodococcus (pesquisa)
1092,Rickettsia (pesquisa)
1093,Rinovírus humano (pesquisa)
1094,"Ristocetina, co-fator"
1095,Rochalimaea (pesquisa)
1096,Ródio urinário
1097,"Rotavírus humano tipos A, B e C (pesquisa)"
1098,Rotina (sumário) de urina
1099,Rubéola - IgG
1100,Rubéola - IgM
1101,Rubídio urinário
1102,"Sacarose, teste de tolerância"
1103,Saksenaea (pesquisa)
1104,Salicilatos
1105,Salmonela (pesquisa)
1107,Sangue oculto nas fezes
1108,Sarampo - IgG
1109,Sarampo - IgM
1110,Sarcocystis (pesquisa)
1111,Sarcoptes scabei (pesquisa)
1112,Scedosporium (pesquisa)
1113,Schistosoma (pesquisa)
1114,Schistosomose/Esquistossomose - IgG
1115,Schistosomose/Esquistossomose - IgM
1116,Scopulariopsis (pesquisa)
1117,Selênio plasmático
1118,Selênio urinário
1119,Serpulina (pesquisa)
1120,Shigella (pesquisa)
1121,Sífilis - FTA-ABS - IgG
1122,Sífilis - FTA-ABS - IgM
1123,Sífilis - VDRL
1124,Silício sangúineo
1125,S-metilcisteína
1126,"Sobrecarga de água, prova"
1127,Sódio
1128,"Solventes, pesquisa no ar expirado"
1129,Somatomedina C (IGF1)
1431,Somatório de ácidos mandélico e fenilglioxílico na urina
1130,Somatotrófico coriônico-hormônio (HCS ou PHL)
1131,Sporothrix (pesquisa)
1132,Staphylococcus (pesquisa)
1133,Streptococcus (pesquisa)
1134,Strongyloides (pesquisa)
1135,Substâncias redutoras nas fezes
1136,Succinil acetona
1137,Sulfato de dehidroepiandrosterona (S-DHEA)
1138,Sulfatos inorgânicos
1139,Sulfatos orgânicos
1140,Sulfo-hemoglobina
1141,Sulfonamidas livre e acetilada (% de acetilação)
1142,T3 livre
1143,T3 retenção
1144,T3 reverso
1145,T4 livre
1146,Tacrolimus
1147,Taenia saginata (pesquisa)
1148,Taenia solium (pesquisa)
1149,Tálio sanguíneo
1150,Tálio urinário
1151,Telúrio urinário
1152,Tempo de coagulação
1153,Tempo de protrombina
1154,Tempo de reptilase
1155,Tempo de sangramento (Duke)
1156,Tempo de sangramento de IVY
1157,Tempo de trombina
1158,Tempo de tromboplastina parcial ativada (TTPA)
1159,Teofilina
1160,Ter-butil-álcool sanguíneo
1161,Ter-butil-álcool urinário
1162,Ter-butil-metil-éter sanguíneo
1163,Ter-butil-metil-éter urinário
1164,Teste de inibição da migração dos linfócitos
1165,Teste de tolerância a insulina ou hipoglicemiantes orais
1166,Teste ergométrico (de esforço)
1167,Teste oral de tolerância à glicose
1168,Teste respiratório para H. Pylori
1169,Testes cutâneo-alérgicos para alérgenos da poeira
1170,Testes cutâneo-alérgicos para alimentos
1171,Testes cutâneo-alérgicos para fungos
1172,Testes cutâneo-alérgicos para insetos hematófagos
1173,Testes cutâneo-alérgicos para pólens
1174,Testes de contato - Até 30 substâncias
1175,Testosterona livre
1176,Testosterona total
1177,Tetracloreto de carbono (tetraclorometano)
1178,Tetracloroetano
1179,Tetracloroetileno
1428,Tetracloroetileno no ar exalado
1180,Tetrahidroftalimida urinária
1181,Tetra-hidrofurano
1182,Thiram sanguíneo
1183,Tiocianato plasmático
1184,Tiocianato urinário
1185,Tireoglobulina
1186,Tirosina
1187,Tirosinose na urina
1188,Tolueno sanguíneo
1189,Tolueno urinário
1190,"Tolueno-2,4-diamina"
1191,"Tolueno-2,6-diamina"
1416,Tomografia de tórax
1192,Torovírus bovino (pesquisa)
1193,Torovírus equino (pesquisa)
1194,Torovírus humano (pesquisa)
1195,Torovírus porcino (pesquisa)
1196,Toxocara (pesquisa)
1197,Toxocara canis - IgG
1198,Toxocara canis - IgM
1199,Toxoplasma (pesquisa)
1200,"Toxoplasmina, IDeR"
1201,Toxoplasmose - IgA
1202,Toxoplasmose - IgG
1203,Toxoplasmose - IgM
1204,Transaminase oxalacética (amino transferase aspartato)
1205,Transaminase pirúvica (amino transferase de alanina)
1206,Transferrina
1207,Treponema (pesquisa)
1208,Triazínicos dealquilados
1209,Triazolam
1210,Trichinella (pesquisa)
1211,Trichomonas (pesquisa)
1212,Trichosporon (pesquisa)
1213,Trichostrongylus (pesquisa)
1214,Trichuris (pesquisa)
1215,Triclorocompostos totais
1216,Tricloroetano (tricloroetanol) sanguíneo
1217,Tricloroetano (tricloroetanol) urinário
1218,Tricloroetileno
1219,Tricloropridinol
1220,Tricophyton (pesquisa)
1221,Trifenilcarbinol urinário
1222,Triglicerídeos
1223,Trimipramina
1224,Tripsina imuno reativa (IRT)
1225,Troca de cromátides irmãs (pesquisa)
1226,Tromboelastograma
1227,Troponina
1228,Trypanosoma (pesquisa)
1229,Tungstênio urinário
1230,Ultrassonografia
1231,"Ultrassonografia abdome inferior feminino (bexiga, útero, ovário e anexos)"
1232,"Ultrassonografia abdome inferior masculino (bexiga, próstata e vesículas seminais)"
1233,"Ultrassonografia abdome superior (fígado, vias biliares, vesícula, pâncreas, baço)"
1234,Ultrassonografia abdome total (inclui abdome inferior)
1235,"Ultrassonografia aparelho urinário feminino (rins, ureteres e bexiga)"
1236,"Ultrassonografia aparelho urinário masculino (rins, ureteres, bexiga e próstata)"
1237,Ultrassonografia articular
1238,Ultrassonografia dermatológica - Pele e subcutâneo
1239,Urânio
1240,Ureaplasma (pesquisa)
1241,"Urease, teste rápido parahelicobacter pylori"
1242,Uréia
1243,Urobilinogênio
1244,Uroporfirinas
1245,Vanádio sanguíneo/plasmático
1246,Vanádio urinário
1247,Varicela - IgG
1248,Varicela - IgM
1249,Vibrio (pesquisa)
1251,Vírus Absettarov (pesquisa)
1252,Vírus Akabane (pesquisa)
1253,Vírus Amapari (pesquisa)
1254,Vírus Andes (pesquisa)
1255,Vírus Banna (pesquisa)
1256,Vírus Bebaru (pesquisa)
1257,Vírus Belgrade (Dobrava) (pesquisa)
1258,Vírus Bhanja (pesquisa)
1250,Vírus Buffalopox vaccinia (pesquisa)
1259,Vírus Bunyamwera (pesquisa)
1260,Vírus Chapare (pesquisa)
1261,Vírus chikungunya (pesquisa)
1262,Vírus Coxsackie (A e B) (pesquisa)
1263,Vírus da conjuntivite hemorrágica aguda (AHC) (pesquisa)
1264,Vírus da coriomeningite linfocítica (pesquisa)
1265,Vírus da dengue tipos 1-4 (pesquisa)
1266,Vírus da doença da floresta Kyasanur (pesquisa)
1267,Vírus da doença de carneiros do Nairóbi (pesquisa)
1268,Vírus da doença lupina (pesquisa)
1269,Vírus da encefalite da Califórnia (pesquisa)
1270,Vírus da encefalite de Murray Valley (pesquisa)
1271,Vírus da encefalite de St. Louis (pesquisa)
1272,Vírus da encefalite do carrapato (pesquisa)
1273,Vírus da encefalite do carrapato da Europa Central (pesquisa)
1274,Vírus da encefalite do carrapato do extremo Oriente (pesquisa)
1275,Vírus da encefalite do carrapato siberiano (pesquisa)
1276,Vírus da encefalite equina do oeste (pesquisa)
1277,Vírus da encefalite japonesa (pesquisa)
1278,Vírus da encefalite primavera-verão russa (pesquisa)
1279,Vírus da estomatite vesicular (pesquisa)
1280,Vírus da família Bunyaviridae (pesquisa)
1281,Vírus da família Caliciviridae (pesquisa)
1282,Vírus da febre amarela (pesquisa)
1283,Vírus da febre com trombocitopenia severa (pesquisa)
1284,Vírus da febre de Lassa (pesquisa)
1285,Vírus da febre de Rift Valley (pesquisa)
1286,Vírus da febre do carrapato do Colorado (pesquisa)
1288,Vírus da febre hemorrágica da Crimeia/Congo (pesquisa)
1289,Vírus da febre hemorrágica de Alkhurma (pesquisa)
1287,Vírus da febre hemorrágica de Omsk (pesquisa)
1290,Vírus da imudeficiência humana - HIV (pesquisa)
1291,Vírus da imudeficiência símia (pesquisa)
1292,Vírus da lebre Snoeshoe (pesquisa)
1293,Vírus da meningite de perus de Israel (pesquisa)
1294,Vírus da meningoencefalomielite (pesquisa)
1295,Vírus da mosca da areia de Naples (pesquisa)
1296,Vírus da varíola bovina (pesquisa)
1297,Vírus das águas brancas de Arroyo (pesquisa)
1298,Vírus Dhori (pesquisa)
1299,Vírus do molusco contagioso (pesquisa)
1300,Vírus do morcego de Lagos (pesquisa)
1301,Vírus Dugbe (pesquisa)
1302,Vírus Duvenhage (pesquisa)
1303,Vírus Everglades (pesquisa)
1304,Vírus Flexal (pesquisa)
1305,Vírus Ganjam (pesquisa)
1306,Vírus Germiston (pesquisa)
1307,Vírus Getah (pesquisa)
1308,Vírus Guanarito (pesquisa)
1309,Vírus Hantaan (pesquisa)
1310,Vírus Hanzalova (pesquisa)
1311,Vírus Hazara (pesquisa)
1312,Vírus Hendra (pesquisa)
1313,Vírus Herpes Simplex 1 e 2 (pesquisa)
1314,Vírus Hypr (pesquisa)
1315,"Vírus Influenza A, B e C (pesquisa)"
1316,Vírus Ippy (pesquisa)
1317,Vírus Junin (pesquisa)
1318,Vírus Kodoko (pesquisa)
1319,Vírus Kumlinge (pesquisa)
1320,Vírus La Crosse (pesquisa)
1321,Vírus Latino (pesquisa)
1322,"Vírus linfotrópico de células T de primatas, tipos 1 e 2 (pesquisa)"
1323,Vírus Lujo (pesquisa)
1324,Vírus Machupo (pesquisa)
1325,Vírus Mayaro (pesquisa)
1326,Vírus Merino Walk (pesquisa)
1327,Vírus Middelburg (pesquisa)
1328,Vírus Mobala (pesquisa)
1329,Vírus Mokola (pesquisa)
1330,Vírus Monkeypox (varíola símia) (pesquisa)
1331,Vírus Mopeia (pesquisa)
1332,Vírus Morogoro (pesquisa)
1333,Vírus Mucambo (pesquisa)
1334,Vírus Ndumu (pesquisa)
1335,Vírus Negishi (pesquisa)
1336,Vírus Ngari (pesquisa)
1337,Vírus Nipah (pesquisa)
1338,Vírus Norwalk-like (pesquisa)
1339,Vírus O'nyong-nyong (pesquisa)
1340,Vírus Orf (pesquisa)
1341,Vírus Oropouche (pesquisa)
1342,Vírus Parainfluenza (pesquisa)
1343,Vírus Parana (pesquisa)
1344,Vírus Pichinde (pesquisa)
1345,Vírus Piry (pesquisa)
1346,Vírus Powassan (pesquisa)
1347,Vírus Prospect Hill (pesquisa)
1348,Vírus Pseudocowpox (pseudo varíola bovina) (pesquisa)
1349,Vírus Punta Toro (pesquisa)
1350,Vírus Puumala (pesquisa)
1351,Vírus relacionado à leucemia murina xenotrópico (pesquisa)
1352,Vírus Rocio (pesquisa)
1353,Vírus Ross River (pesquisa)
1354,Vírus Sabia (pesquisa)
1355,Vírus Sal Vieja (pesquisa)
1356,Vírus San Perlita (pesquisa)
1357,Vírus sem nome ou de Muerto Canyon (pesquisa)
1358,Vírus Seoul (pesquisa)
1359,Vírus Símio 40 (SV40) (pesquisa)
1360,Vírus sincicial respiratório - Elisa - IgG
1368,Vírus sincicial respiratório (pesquisa)
1417,Vírus sincicial respiratório (sorologia)
1361,Vírus sincicial respiratório humano (pesquisa)
1369,Vírus Tamiami (pesquisa)
1362,Vírus Thogoto (pesquisa)
1363,Vírus Torque teno (TTV) (pesquisa)
1364,Vírus Toscana (pesquisa)
1365,Vírus tumorais do macaco Yaba (pesquisa)
1366,Vírus varíola (maior e menor) (pesquisa)
1367,Vírus Wesselsbron (pesquisa)
1370,Vitamina A
1371,Vitamina B1
1372,Vitamina B12
1373,Vitamina B2
1374,Vitamina B3
1375,Vitamina B6
1376,Vitamina D2
1418,Vitamina D3
1377,Vitamina E
1378,Vitamina K
1379,Waaler-Rose (fator reumatóide)
1380,Weil Felix (Ricketsiose)
1381,Western blot (anticorpos anti-HIV)
1382,Western blot (anticorpos anti-HTV-I ou HTLV-II)
1383,"Widal, reação de"
1384,Wuchereria (pesquisa)
1385,X frágil (pesquisa)
1386,Xileno sanguíneo
1387,"Xilose, teste de absorção à"
1388,Xylohypha (pesquisa)
1389,Yersinia (pesquisa)
1390,Yersinia pestis (pesquisa)
1391,Zika vírus (pesquisa)
1392,Zika vírus (sorologia)
1393,Zinco
1394,Zinco urinário
1395,Zircônio urinário
1396,α-fluoro-β-alanine (FBAL)
1397,α-naftol
1992,Detecção de agente químico não especificado anteriormente
1993,Detecção de agentes infecciosos não especificados anteriormente por ELISA
1994,Detecção de agentes infecciosos não especificados anteriormente por imunofluorescência
1995,Detecção de agentes infecciosos não especificados anteriormente por métodos sorológicos
1996,Detecção de agentes infecciosos não especificados anteriormente por PCR
1997,Detecção de agentes infecciosos não especificados anteriormente por western blot
1998,Detecção de medicamento não especificado anteriormente